absc123@gmail.com,Купцов,Александр,Павлович,г. Саратов,Бизнес-аналитик
agbc435@gmail.com,Герцов,Олег,Павлович,г. Саратов,Бизнес-аналитик
asbc724@gmail.com,Косинова, Вероника, Никитична,Бизнес-аналитик2
abgc3426@gmail.com,Онегина, Теона, Станиславовна,г. Саратов,Бизнес-аналитик
abfc234@gmail.com,Винокурова, Дария, Дамировна,г. Саратов,Бизнес-аналитик
fdahdh@gmail.com,Северина, Мира, Даниловна,г. Саратов,Бизнес-аналитик
sdfgsdfg@gmail.com,Иванцов, Святослав, Лукич,г. Саратов,Бизнес-аналитик
sdhfshgj@gmail.com,Якушкина, Анфиса, Георгиевна,г. Саратов,Бизнес-аналитик
shjbcv@gmail.com,Вишневский, Александр, Филимонович,г. Саратов,Бизнес-аналитик
xcvbasrdg@gmail.com,Лютова, Антонина, Борисовна,г. Саратов,Бизнес-аналитик
xcvbsdf@gmail.com,Кириллов, Эмиль, Платонович,г. Саратов,Бизнес-аналитик
agasdf@gmail.com,Перилов, Галлий, Петрович,г. Саратов,Бизнес-аналитик
